state,year,dengueCases,zikaCases,chikvCases,pop_tot,disease,incidence
AC,2016,2195,1523,98,816687,Dengue,268.76881840901103
AC,2016,2195,1523,98,816687,Zika,186.4851528186441
AC,2016,2195,1523,98,816687,Chikungunya,11.999701231928512
AC,2017,1861,293,51,829619,Dengue,224.31983838364357
AC,2017,1861,293,51,829619,Zika,35.31741679011691
AC,2017,1861,293,51,829619,Chikungunya,6.1474001921363906
AC,2018,7256,355,115,869265,Dengue,834.7281899075656
AC,2018,7256,355,115,869265,Zika,40.839099699171136
AC,2018,7256,355,115,869265,Chikungunya,13.229567508182202
AC,2019,10043,149,6,881935,Dengue,1138.7460527136354
AC,2019,10043,149,6,881935,Zika,16.894669108267617
AC,2019,10043,149,6,881935,Chikungunya,0.680322245970508
AC,2020,7557,301,89,894470,Dengue,844.8578487819602
AC,2020,7557,301,89,894470,Zika,33.651212449830624
AC,2020,7557,301,89,894470,Chikungunya,9.950026272541281
AC,2021,14840,617,300,906876,Dengue,1636.386893026169
AC,2021,14840,617,300,906876,Zika,68.03576233134409
AC,2021,14840,617,300,906876,Chikungunya,33.08059756791447
AC,2022,3404,97,54,906876,Dengue,375.3545137372695
AC,2022,3404,97,54,906876,Zika,10.696059880292344
AC,2022,3404,97,54,906876,Chikungunya,5.954507562224604
AC,2023,7141,898,40,906876,Dengue,787.4284907749241
AC,2023,7141,898,40,906876,Zika,99.02125538662396
AC,2023,7141,898,40,906876,Chikungunya,4.410746342388596
AC,2024,6322,939,317,880631,Dengue,717.8943280443228
AC,2024,6322,939,317,880631,Zika,106.62808826852564
AC,2024,6322,939,317,880631,Chikungunya,35.996915847840924
AC,2025,7838,1254,22,884372,Dengue,886.2786248320842
AC,2025,7838,1254,22,884372,Zika,141.79553400605175
AC,2025,7838,1254,22,884372,Chikungunya,2.487640947474592
AL,2016,19454,8158,2005,3358963,Dengue,579.1668440527627
AL,2016,19454,8158,2005,3358963,Zika,242.87257704237885
AL,2016,19454,8158,2005,3358963,Chikungunya,59.69104155062143
AL,2017,2937,363,192,3375823,Dengue,87.00100686558507
AL,2017,2937,363,192,3375823,Zika,10.752933432825122
AL,2017,2937,363,192,3375823,Chikungunya,5.6875019809984115
AL,2018,2210,446,523,3322820,Dengue,66.50977182032129
AL,2018,2210,446,523,3322820,Zika,13.422334041567105
AL,2018,2210,446,523,3322820,Chikungunya,15.739642833496848
AL,2019,21034,1337,863,3337357,Dengue,630.2592141026568
AL,2019,21034,1337,863,3337357,Zika,40.06164159243377
AL,2019,21034,1337,863,3337357,Chikungunya,25.858785859588888
AL,2020,2415,273,189,3351543,Dengue,72.05636329296685
AL,2020,2415,273,189,3351543,Zika,8.145501937465818
AL,2020,2415,273,189,3351543,Chikungunya,5.639193649014797
AL,2021,7576,446,594,3365351,Dengue,225.11767717542688
AL,2021,7576,446,594,3365351,Zika,13.252703804149998
AL,2021,7576,446,594,3365351,Chikungunya,17.65046201718632
AL,2022,33647,1288,1431,3365351,Dengue,999.8065580677915
AL,2022,33647,1288,1431,3365351,Zika,38.27238228642421
AL,2022,33647,1288,1431,3365351,Chikungunya,42.521567586857955
AL,2023,4764,198,173,3365351,Dengue,141.56027112773674
AL,2023,4764,198,173,3365351,Zika,5.883487339062107
AL,2023,4764,198,173,3365351,Chikungunya,5.140622776049215
AL,2024,17949,232,403,3220104,Dengue,557.4043571263537
AL,2024,17949,232,403,3220104,Zika,7.204736244543655
AL,2024,17949,232,403,3220104,Chikungunya,12.51512373513402
AL,2025,1652,175,9,3220848,Dengue,51.29084017625172
AL,2025,1652,175,9,3220848,Zika,5.433351713585988
AL,2025,1652,175,9,3220848,Chikungunya,0.2794295166987079
AM,2016,7586,6035,187,4001667,Dengue,189.57099628729728
AM,2016,7586,6035,187,4001667,Zika,150.81214903688888
AM,2016,7586,6035,187,4001667,Chikungunya,4.673052505368387
AM,2017,3920,702,167,4063614,Dengue,96.46585527070239
AM,2017,3920,702,167,4063614,Zika,17.275262857151297
AM,2017,3920,702,167,4063614,Chikungunya,4.109642303624311
AM,2018,2362,478,9,3995258,Dengue,59.12008686297606
AM,2018,2362,478,9,3995258,Zika,11.96418353958618
AM,2018,2362,478,9,3995258,Chikungunya,0.22526705409262682
AM,2019,3901,126,11,4071080,Dengue,95.8222388162355
AM,2019,3901,126,11,4071080,Zika,3.09500181769948
AM,2019,3901,126,11,4071080,Chikungunya,0.2701985713864626
AM,2020,6088,139,32,4132670,Dengue,147.31396409585088
AM,2020,6088,139,32,4132670,Zika,3.3634430041595382
AM,2020,6088,139,32,4132670,Chikungunya,0.7743178139072319
AM,2021,8307,228,228,3847707,Dengue,215.89481735485575
AM,2021,8307,228,228,3847707,Zika,5.925607121332264
AM,2021,8307,228,228,3847707,Chikungunya,5.925607121332264
AM,2022,5440,357,374,3847707,Dengue,141.38290675459436
AM,2022,5440,357,374,3847707,Zika,9.278253255770254
AM,2022,5440,357,374,3847707,Chikungunya,9.720074839378363
AM,2023,6350,378,388,3847707,Dengue,165.03335623008715
AM,2023,6350,378,388,3847707,Zika,9.824032859050858
AM,2023,6350,378,388,3847707,Chikungunya,10.083927908232097
AM,2024,8693,333,392,4281209,Dengue,203.05011972085455
AM,2024,8693,333,392,4281209,Zika,7.778176678597098
AM,2024,8693,333,392,4281209,Chikungunya,9.156292066096283
AM,2025,4122,350,7,4321616,Dengue,95.3809871122284
AM,2025,4122,350,7,4321616,Zika,8.098822292401731
AM,2025,4122,350,7,4321616,Chikungunya,0.1619764458480346
AP,2016,1815,1035,182,782295,Dengue,232.00966387360265
AP,2016,1815,1035,182,782295,Zika,132.30303146511227
AP,2016,1815,1035,182,782295,Chikungunya,23.264880895314427
AP,2017,921,109,222,797722,Dengue,115.45375456612705
AP,2017,921,109,222,797722,Zika,13.663907977967261
AP,2017,921,109,222,797722,Chikungunya,27.829243771639746
AP,2018,764,125,195,829494,Dengue,92.104343129667
AP,2018,764,125,195,829494,Zika,15.06942786807379
AP,2018,764,125,195,829494,Chikungunya,23.508307474195114
AP,2019,193,121,7,845731,Dengue,22.820494932785955
AP,2019,193,121,7,845731,Zika,14.307149672886533
AP,2019,193,121,7,845731,Chikungunya,0.827686344712444
AP,2020,67,31,23,861773,Dengue,7.774669199429548
AP,2020,67,31,23,861773,Zika,3.5972350027211344
AP,2020,67,31,23,861773,Chikungunya,2.6689162923414864
AP,2021,280,114,116,877613,Dengue,31.904723380351022
AP,2021,280,114,116,877613,Zika,12.989780233428629
AP,2021,280,114,116,877613,Chikungunya,13.217671114716852
AP,2022,293,115,81,877613,Dengue,33.38601410872446
AP,2022,293,115,81,877613,Zika,13.103725674072741
AP,2022,293,115,81,877613,Chikungunya,9.2295806921729735
AP,2023,1229,73,106,877613,Dengue,140.03894655161216
AP,2023,1229,73,106,877613,Zika,8.318017167020086
AP,2023,1229,73,106,877613,Chikungunya,12.078216708275743
AP,2024,10844,414,725,802837,Dengue,1350.7100445046751
AP,2024,10844,414,725,802837,Zika,51.56713006500697
AP,2024,10844,414,725,802837,Chikungunya,90.30475675635279
AP,2025,1277,127,7,806517,Dengue,158.33516218505002
AP,2025,1277,127,7,806517,Zika,15.746723255678429
AP,2025,1277,127,7,806517,Chikungunya,0.8679296282657403
BA,2016,67746,58908,22,15259615,Dengue,443.95615485711795
BA,2016,67746,58908,22,15259615,Zika,386.03857305705293
BA,2016,67746,58908,22,15259615,Chikungunya,0.1441713961983969
BA,2017,10106,3029,124,15327633,Dengue,65.93320703855579
BA,2017,10106,3029,124,15327633,Zika,19.761694450800068
BA,2017,10106,3029,124,15327633,Chikungunya,0.8089964053810527
BA,2018,9756,1548,599,14744683,Dengue,66.16622412296012
BA,2018,9756,1548,599,14744683,Zika,10.498699768587768
BA,2018,9756,1548,599,14744683,Chikungunya,4.062481370403148
BA,2019,68122,3128,4330,14637286,Dengue,465.4004847619976
BA,2019,68122,3128,4330,14637286,Zika,21.37008185807123
BA,2019,68122,3128,4330,14637286,Chikungunya,29.58198671529681
BA,2020,83400,5049,13895,14852728,Dengue,561.5130095966209
BA,2020,83400,5049,13895,14852728,Zika,33.99375522126306
BA,2020,83400,5049,13895,14852728,Chikungunya,93.55183774994062
BA,2021,24883,2118,6730,14907153,Dengue,166.91986726103906
BA,2021,24883,2118,6730,14907153,Zika,14.20794433383759
BA,2021,24883,2118,6730,14907153,Chikungunya,45.14611207116476
BA,2022,35922,2986,8814,14907153,Dengue,240.97156579797633
BA,2022,35922,2986,8814,14907153,Zika,20.030652398885287
BA,2022,35922,2986,8814,14907153,Chikungunya,59.125977978491264
BA,2023,47623,4395,7699,14907153,Dengue,319.4640854628647
BA,2023,47623,4395,7699,14907153,Zika,29.482490721065247
BA,2023,47623,4395,7699,14907153,Chikungunya,51.64634722673068
BA,2024,232600,4695,6444,14850513,Dengue,1566.2758586184866
BA,2024,232600,4695,6444,14850513,Zika,31.615069459216663
BA,2024,232600,4695,6444,14850513,Chikungunya,43.39244038236255
BA,2025,17420,905,47,14870907,Dengue,117.14147630672426
BA,2025,17420,905,47,14870907,Zika,6.085708154855652
BA,2025,17420,905,47,14870907,Chikungunya,0.3160533516886361
CE,2016,49718,8675,16362,8963663,Dengue,554.6616377701839
CE,2016,49718,8675,16362,8963663,Zika,96.77963127350951
CE,2016,49718,8675,16362,8963663,Chikungunya,182.5369829276268
CE,2017,39451,3572,40296,9020460,Dengue,437.3502016526873
CE,2017,39451,3572,40296,9020460,Zika,39.59886746352181
CE,2017,39451,3572,40296,9020460,Chikungunya,446.7177948796403
CE,2018,4169,631,954,9075649,Dengue,45.936108811612264
CE,2018,4169,631,954,9075649,Zika,6.95267082276981
CE,2018,4169,631,954,9075649,Chikungunya,10.511644952333437
CE,2019,16300,634,1085,9132078,Dengue,178.49168612007037
CE,2019,16300,634,1085,9132078,Zika,6.942560061357338
CE,2019,16300,634,1085,9132078,Chikungunya,11.881195057685666
CE,2020,24108,767,910,9187103,Dengue,262.41133902602377
CE,2020,24108,767,910,9187103,Zika,8.348660072712802
CE,2020,24108,767,910,9187103,Chikungunya,9.905189916777902
CE,2021,35362,1698,1119,9240580,Dengue,382.6816065658216
CE,2021,35362,1698,1119,9240580,Zika,18.375469938034193
CE,2021,35362,1698,1119,9240580,Chikungunya,12.109629482132075
CE,2022,42774,2921,24320,9240580,Dengue,462.8930218665928
CE,2022,42774,2921,24320,9240580,Zika,31.610569899292035
CE,2022,42774,2921,24320,9240580,Chikungunya,263.18694281094906
CE,2023,14456,1148,1344,9240580,Dengue,156.4403965984819
CE,2023,14456,1148,1344,9240580,Zika,12.423462596503683
CE,2023,14456,1148,1344,9240580,Chikungunya,14.544541576394556
CE,2024,12573,2252,746,9233656,Dengue,136.16491669171995
CE,2024,12573,2252,746,9233656,Zika,24.38903940107797
CE,2024,12573,2252,746,9233656,Chikungunya,8.079140050268279
CE,2025,3932,1723,19,9268836,Dengue,42.42172372021687
CE,2025,3932,1723,19,9268836,Zika,18.589173440980076
CE,2025,3932,1723,19,9268836,Chikungunya,0.2049879833886369
DF,2016,18137,864,8,2977216,Dengue,609.1932866140717
DF,2016,18137,864,8,2977216,Zika,29.02040026655775
DF,2016,18137,864,8,2977216,Chikungunya,0.26870740987553476
DF,2017,4009,225,16,3039444,Dengue,131.89912365551066
DF,2017,4009,225,16,3039444,Zika,7.4026696988001754
DF,2017,4009,225,16,3039444,Chikungunya,0.5264120674702346
DF,2018,2431,138,2,2974703,Dengue,81.72244422384352
DF,2018,2431,138,2,2974703,Zika,4.639118594360513
DF,2018,2431,138,2,2974703,Chikungunya,0.06723360281681902
DF,2019,38651,396,7,3015268,Dengue,1281.8429406606645
DF,2019,38651,396,7,3015268,Zika,13.133160966123079
DF,2019,38651,396,7,3015268,Chikungunya,0.2321518352597514
DF,2020,47078,2499,4,3055149,Dengue,1540.9395744691992
DF,2020,47078,2499,4,3055149,Zika,81.79633792001634
DF,2020,47078,2499,4,3055149,Chikungunya,0.13092651127653676
DF,2021,15660,76,48,3094325,Dengue,506.0877574269025
DF,2021,15660,76,48,3094325,Zika,2.4561091675890543
DF,2021,15660,76,48,3094325,Chikungunya,1.5512268426878235
DF,2022,64691,96,173,3094325,Dengue,2090.633660006625
DF,2022,64691,96,173,3094325,Zika,3.102453685375647
DF,2022,64691,96,173,3094325,Chikungunya,5.590880078854031
DF,2023,37508,67,307,3094325,Dengue,1212.154508656977
DF,2023,37508,67,307,3094325,Zika,2.165254134585087
DF,2023,37508,67,307,3094325,Chikungunya,9.921388348024207
DF,2024,264487,134,62,2982818,Dengue,8867.017699370193
DF,2024,264487,134,62,2982818,Zika,4.492396116692336
DF,2024,264487,134,62,2982818,Chikungunya,2.078571337574066
DF,2025,6938,32,3,2996899,Dengue,231.50596666754535
DF,2025,6938,32,3,2996899,Zika,1.0677703853216276
DF,2025,6938,32,3,2996899,Chikungunya,0.10010347362390258
ES,2016,43143,2901,89,3973697,Dengue,1085.7143863762135
ES,2016,43143,2901,89,3973697,Zika,73.00506304330702
ES,2016,43143,2901,89,3973697,Chikungunya,2.23972789067712
ES,2017,6876,569,436,4016356,Dengue,171.1999633498624
ES,2017,6876,569,436,4016356,Zika,14.167070847305368
ES,2017,6876,569,436,4016356,Chikungunya,10.855611404965098
ES,2018,10228,589,306,3972388,Dengue,257.47736625928786
ES,2018,10228,589,306,3972388,Zika,14.82735321927264
ES,2018,10228,589,306,3972388,Chikungunya,7.703175017143341
ES,2019,64691,1366,1054,4018650,Dengue,1609.7694499396564
ES,2019,64691,1366,1054,4018650,Zika,33.99151456334839
ES,2019,64691,1366,1054,4018650,Chikungunya,26.227713286800295
ES,2020,7438,106,5498,4064052,Dengue,183.0193117607747
ES,2020,7438,106,5498,4064052,Zika,2.6082343434582036
ES,2020,7438,106,5498,4064052,Chikungunya,135.28370207861514
ES,2021,32,1,798,4108508,Dengue,0.7788715514245075
ES,2021,32,1,798,4108508,Zika,0.02433973598201586
ES,2021,32,1,798,4108508,Chikungunya,19.423109313648652
ES,2022,66,3,532,4108508,Dengue,1.6064225748130465
ES,2022,66,3,532,4108508,Zika,0.07301920794604756
ES,2022,66,3,532,4108508,Chikungunya,12.948739542432435
ES,2023,252,13233,2051,4108508,Dengue,6.133613467467996
ES,2023,252,13233,2051,4108508,Zika,322.08772625001586
ES,2023,252,13233,2051,4108508,Chikungunya,49.92079849911452
ES,2024,574,5796,6880,4102129,Dengue,13.99273401689708
ES,2024,574,5796,6880,4102129,Zika,141.2924849511071
ES,2024,574,5796,6880,4102129,Chikungunya,167.71778751960264
ES,2025,83,1228,205,4126854,Dengue,2.011217261381188
ES,2025,83,1228,205,4126854,Zika,29.756322855133718
ES,2025,83,1228,205,4126854,Chikungunya,4.967464320278837
GO,2016,130874,11485,56,6695855,Dengue,1954.5524806018052
GO,2016,130874,11485,56,6695855,Zika,171.524024937816
GO,2016,130874,11485,56,6695855,Chikungunya,0.8363383018300127
GO,2017,64248,4945,68,6778772,Dengue,947.7822826907293
GO,2017,64248,4945,68,6778772,Zika,72.9483157126394
GO,2017,64248,4945,68,6778772,Chikungunya,1.003131540638924
GO,2018,91499,2101,18,6921161,Dengue,1322.0180833822533
GO,2018,91499,2101,18,6921161,Zika,30.356178681582467
GO,2018,91499,2101,18,6921161,Chikungunya,0.26007197347381455
GO,2019,120947,1093,9,7018354,Dengue,1723.2958041158936
GO,2019,120947,1093,9,7018354,Zika,15.573452122819681
GO,2019,120947,1093,9,7018354,Chikungunya,0.12823519588781074
GO,2020,63377,367,10,7113540,Dengue,890.9347525985656
GO,2020,63377,367,10,7113540,Zika,5.159175319180043
GO,2020,63377,367,10,7113540,Chikungunya,0.14057698417384312
GO,2021,61525,159,372,7206589,Dengue,853.732604981358
GO,2021,61525,159,372,7206589,Zika,2.2063142493626318
GO,2021,61525,159,372,7206589,Chikungunya,5.161942772093704
GO,2022,208397,319,2489,7206589,Dengue,2891.756419021537
GO,2022,208397,319,2489,7206589,Zika,4.426504688972828
GO,2022,208397,319,2489,7206589,Chikungunya,34.5378375261861
GO,2023,71187,457,1700,7206589,Dengue,987.8043551533186
GO,2023,71187,457,1700,7206589,Zika,6.341418943136621
GO,2023,71187,457,1700,7206589,Chikungunya,23.589523420858328
GO,2024,334337,3409,7353,7350483,Dengue,4548.503819408875
GO,2024,334337,3409,7353,7350483,Zika,46.37790469007275
GO,2024,334337,3409,7353,7350483,Chikungunya,100.03424264772805
GO,2025,59626,312,42,7423629,Dengue,803.1920776213359
GO,2025,59626,312,42,7423629,Zika,4.202796233486344
GO,2025,59626,312,42,7423629,Chikungunya,0.5657610314308541
MA,2016,23928,5053,2368,6954036,Dengue,344.08795122717225
MA,2016,23928,5053,2368,6954036,Zika,72.66283924903466
MA,2016,23928,5053,2368,6954036,Chikungunya,34.05216769082013
MA,2017,7228,640,742,7000229,Dengue,103.2537649839741
MA,2017,7228,640,742,7000229,Zika,9.142558050600917
MA,2017,7228,640,742,7000229,Chikungunya,10.599653239915437
MA,2018,2185,215,213,6914434,Dengue,31.600561954890306
MA,2018,2185,215,213,6914434,Zika,3.109437446362204
MA,2018,2185,215,213,6914434,Chikungunya,3.0805124468611598
MA,2019,5723,466,159,6952984,Dengue,82.30998374223212
MA,2019,5723,466,159,6952984,Zika,6.702158382645495
MA,2019,5723,466,159,6952984,Chikungunya,2.2867879460099436
MA,2020,2605,185,91,6990851,Dengue,37.262988440177025
MA,2020,2605,185,91,6990851,Zika,2.646315877709309
MA,2020,2605,185,91,6990851,Chikungunya,1.3017013236299844
MA,2021,1348,107,102,7027997,Dengue,19.18042935988732
MA,2021,1348,107,102,7027997,Zika,1.5224821524539638
MA,2021,1348,107,102,7027997,Chikungunya,1.451338126638358
MA,2022,7194,1324,1122,7027997,Dengue,102.36202434349362
MA,2022,7194,1324,1122,7027997,Zika,18.83893803597241
MA,2022,7194,1324,1122,7027997,Chikungunya,15.964719393021939
MA,2023,4999,1891,1433,7027997,Dengue,71.12979701044266
MA,2023,4999,1891,1433,7027997,Zika,26.906670563462107
MA,2023,4999,1891,1433,7027997,Chikungunya,20.389877798752618
MA,2024,11381,1846,916,7010960,Dengue,162.3315494597031
MA,2024,11381,1846,916,7010960,Zika,26.330202996451273
MA,2024,11381,1846,916,7010960,Chikungunya,13.065257824891315
MA,2025,3958,1099,17,7018211,Dengue,56.39613856009744
MA,2025,3958,1099,17,7018211,Zika,15.65926131317511
MA,2025,3958,1099,17,7018211,Chikungunya,0.24222697208733107
MG,2016,528979,20531,208,20997560,Dengue,2519.240330781291
MG,2016,528979,20531,208,20997560,Zika,97.77802754224777
MG,2016,528979,20531,208,20997560,Chikungunya,0.9905912877496242
MG,2017,26495,1867,4007,21119536,Dengue,125.4525667609364
MG,2017,26495,1867,4007,21119536,Zika,8.840156336768004
MG,2017,26495,1867,4007,21119536,Chikungunya,18.972954708853454
MG,2018,29159,1020,4027,21040662,Dengue,138.58404265036907
MG,2018,29159,1020,4027,21040662,Zika,4.847756216035408
MG,2018,29159,1020,4027,21040662,Chikungunya,19.139131648994695
MG,2019,478763,3222,963,21168791,Dengue,2261.6454572204902
MG,2019,478763,3222,963,21168791,Zika,15.220519679182432
MG,2019,478763,3222,963,21168791,Chikungunya,4.54914973651542
MG,2020,82267,1384,1548,21292666,Dengue,386.3630791935589
MG,2020,82267,1384,1548,21292666,Zika,6.499890619615223
MG,2020,82267,1384,1548,21292666,Chikungunya,7.2701088722285885
MG,2021,21983,405,2873,21411923,Dengue,102.66709813966733
MG,2021,21983,405,2873,21411923,Zika,1.891469533119468
MG,2021,21983,405,2873,21411923,Chikungunya,13.417757947289461
MG,2022,89318,559,5111,21411923,Dengue,417.141421627567
MG,2022,89318,559,5111,21411923,Zika,2.6106949852192165
MG,2022,89318,559,5111,21411923,Chikungunya,23.869878478453337
MG,2023,405966,1050,37709,21411923,Dengue,1895.9810382280937
MG,2023,405966,1050,37709,21411923,Zika,4.903809900680102
MG,2023,405966,1050,37709,21411923,Chikungunya,176.11215956642474
MG,2024,1668900,1182,62338,21322691,Dengue,7826.873259102241
MG,2024,1668900,1182,62338,21322691,Zika,5.543390372256485
MG,2024,1668900,1182,62338,21322691,Chikungunya,292.3552191418991
MG,2025,136041,527,116,21393441,Dengue,635.9005080108432
MG,2025,136041,527,116,21393441,Zika,2.4633718343860624
MG,2025,136041,527,116,21393441,Chikungunya,0.542222263356325
MS,2016,46889,3902,27,2682386,Dengue,1748.0332808178987
MS,2016,46889,3902,27,2682386,Zika,145.46750542241125
MS,2016,46889,3902,27,2682386,Chikungunya,1.006566541877269
MS,2017,2331,400,118,2713147,Dengue,85.91499096805296
MS,2017,2331,400,118,2713147,Zika,14.743027193145082
MS,2017,2331,400,118,2713147,Chikungunya,4.349193021977799
MS,2018,5592,358,252,2748023,Dengue,203.49174661201891
MS,2018,5592,358,252,2748023,Zika,13.027547440469021
MS,2018,5592,358,252,2748023,Chikungunya,9.170228924575959
MS,2019,65301,651,132,2778986,Dengue,2349.8139249352103
MS,2019,65301,651,132,2778986,Zika,23.425810709373852
MS,2019,65301,651,132,2778986,Chikungunya,4.749933968720965
MS,2020,52352,347,148,2809394,Dengue,1863.4623694647314
MS,2020,52352,347,148,2809394,Zika,12.351418135014171
MS,2020,52352,347,148,2809394,Chikungunya,5.268040011475785
MS,2021,9900,411,179,2839188,Dengue,348.69124552512903
MS,2021,9900,411,179,2839188,Zika,14.475969889982627
MS,2021,9900,411,179,2839188,Chikungunya,6.304619489797788
MS,2022,26366,1271,352,2839188,Dengue,928.6457959106618
MS,2022,26366,1271,352,2839188,Zika,44.76632051135747
MS,2022,26366,1271,352,2839188,Chikungunya,12.397910952004587
MS,2023,45234,1336,2454,2839188,Dengue,1593.202000008453
MS,2023,45234,1336,2454,2839188,Zika,47.0557074769265
MS,2023,45234,1336,2454,2839188,Chikungunya,86.4331632847138
MS,2024,18946,1118,1930,2901895,Dengue,652.8837190870104
MS,2024,18946,1118,1930,2901895,Zika,38.526549030891886
MS,2024,18946,1118,1930,2901895,Chikungunya,66.50826442721049
MS,2025,11653,3616,86,2924631,Dengue,398.4434275640244
MS,2025,11653,3616,86,2924631,Zika,123.63952922608014
MS,2025,11653,3616,86,2924631,Chikungunya,2.940541900841508
MT,2016,21382,26520,72,3305531,Dengue,646.8552253783129
MT,2016,21382,26520,72,3305531,Zika,802.2916741667224
MT,2016,21382,26520,72,3305531,Chikungunya,2.178167441176622
MT,2017,9422,2623,1284,3344544,Dengue,281.7125443707722
MT,2017,9422,2623,1284,3344544,Zika,78.42623688012476
MT,2017,9422,2623,1284,3344544,Chikungunya,38.39088377967221
MT,2018,7316,1102,1787,3441998,Dengue,212.550966037749
MT,2018,7316,1102,1787,3441998,Zika,32.01628821399664
MT,2018,7316,1102,1787,3441998,Chikungunya,51.91751999855898
MT,2019,11099,430,198,3474799,Dengue,319.4141589196958
MT,2019,11099,430,198,3474799,Zika,12.37481650017742
MT,2019,11099,430,198,3474799,Chikungunya,5.698171318686347
MT,2020,35078,844,185,3526220,Dengue,994.7762760122738
MT,2020,35078,844,185,3526220,Zika,23.934978532252668
MT,2020,35078,844,185,3526220,Chikungunya,5.246411171169127
MT,2021,21741,401,184,3567234,Dengue,609.4638030474031
MT,2021,21741,401,184,3567234,Zika,11.241202567591586
MT,2021,21741,401,184,3567234,Chikungunya,5.1580580360021235
MT,2022,35352,417,170,3567234,Dengue,991.0199330910167
MT,2022,35352,417,170,3567234,Zika,11.6897293533309
MT,2022,35352,417,170,3567234,Chikungunya,4.765597098480223
MT,2023,28603,722,258,3567234,Dengue,801.8257282813519
MT,2023,28603,722,258,3567234,Zika,20.239771206486594
MT,2023,28603,722,258,3567234,Chikungunya,7.232494420046456
MT,2024,43018,2552,9003,3836399,Dengue,1121.311938617438
MT,2024,43018,2552,9003,3836399,Zika,66.52071382564743
MT,2024,43018,2552,9003,3836399,Chikungunya,234.67319223052658
MT,2025,26376,3247,655,3893659,Dengue,677.4090900101935
MT,2025,26376,3247,655,3893659,Zika,83.39199709065433
MT,2025,26376,3247,655,3893659,Chikungunya,16.82222300412029
PA,2016,10944,6668,1222,8263872,Dengue,132.43186728932878
PA,2016,10944,6668,1222,8263872,Zika,80.68856826436809
PA,2016,10944,6668,1222,8263872,Chikungunya,14.787257111436382
PA,2017,7889,1467,2526,8358569,Dengue,94.38218431887086
PA,2017,7889,1467,2526,8358569,Zika,17.550851108604835
PA,2017,7889,1467,2526,8358569,Chikungunya,30.22048391297601
PA,2018,3816,812,6309,8504598,Dengue,44.86984569993785
PA,2018,3816,812,6309,8504598,Zika,9.5477763910769209
PA,2018,3816,812,6309,8504598,Chikungunya,74.18340055579347
PA,2019,5464,412,2165,8594626,Dengue,63.574610460071206
PA,2019,5464,412,2165,8594626,Zika,4.7936931752469505
PA,2019,5464,412,2165,8594626,Chikungunya,25.190159525266136
PA,2020,3588,441,164,8683155,Dengue,41.32138606301511
PA,2020,3588,441,164,8683155,Zika,5.078799123129784
PA,2020,3588,441,164,8683155,Chikungunya,1.8887144131366997
PA,2021,4951,258,220,8770172,Dengue,56.45271267199777
PA,2021,4951,258,220,8770172,Zika,2.941789511083705
PA,2021,4951,258,220,8770172,Chikungunya,2.508502683869826
PA,2022,6123,587,170,8770172,Dengue,69.81619060606792
PA,2022,6123,587,170,8770172,Zika,6.693141251961762
PA,2022,6123,587,170,8770172,Chikungunya,1.9383884375357747
PA,2023,5877,465,211,8770172,Dengue,67.0112285141044
PA,2023,5877,465,211,8770172,Zika,5.302062490906678
PA,2023,5877,465,211,8770172,Chikungunya,2.405882119529697
PA,2024,21338,916,469,8664306,Dengue,246.27477376722382
PA,2024,21338,916,469,8664306,Zika,10.572110449469351
PA,2024,21338,916,469,8664306,Chikungunya,5.413012882970661
PA,2025,12590,555,5,8711196,Dengue,144.52665282700562
PA,2025,12590,555,5,8711196,Zika,6.3711113835574364
PA,2025,12590,555,5,8711196,Chikungunya,0.057397399851868786
PB,2016,35795,4182,4622,3976851,Dengue,900.0840111937813
PB,2016,35795,4182,4622,3976851,Zika,105.15857898623811
PB,2016,35795,4182,4622,3976851,Chikungunya,116.22260929564624
PB,2017,3861,289,596,4002896,Dengue,96.45516645948334
PB,2017,3861,289,596,4002896,Zika,7.219772884431672
PB,2017,3861,289,596,4002896,Chikungunya,14.889220204571892
PB,2018,11028,687,713,3973940,Dengue,277.5079643879877
PB,2018,11028,687,713,3973940,Zika,17.287628902298476
PB,2018,11028,687,713,3973940,Chikungunya,17.941891422618358
PB,2019,18906,708,612,4018127,Dengue,470.5177312713112
PB,2019,18906,708,612,4018127,Zika,17.62014988575523
PB,2019,18906,708,612,4018127,Chikungunya,15.230977019890112
PB,2020,6885,624,1334,4039277,Dengue,170.45129611066534
PB,2020,6885,624,1334,4039277,Zika,15.448309189986228
PB,2020,6885,624,1334,4039277,Chikungunya,33.0257122747462
PB,2021,15999,2530,5981,4059905,Dengue,394.0732603349094
PB,2021,15999,2530,5981,4059905,Zika,62.31672908602542
PB,2021,15999,2530,5981,4059905,Chikungunya,147.31871804882135
PB,2022,28893,2567,9035,4059905,Dengue,711.6668986096965
PB,2022,28893,2567,9035,4059905,Zika,63.22808046001076
PB,2022,28893,2567,9035,4059905,Chikungunya,222.54215307993658
PB,2023,7228,293,794,4059905,Dengue,178.0337224639493
PB,2023,7228,293,794,4059905,Zika,7.216917637235354
PB,2023,7228,293,794,4059905,Chikungunya,19.557107863361335
PB,2024,15012,2180,1817,4145040,Dengue,362.1677957269411
PB,2024,15012,2180,1817,4145040,Zika,52.592978596105226
PB,2024,15012,2180,1817,4145040,Chikungunya,43.83552390326752
PB,2025,3901,212,27,4164468,Dengue,93.67342959532886
PB,2025,3901,212,27,4164468,Zika,5.090686253322153
PB,2025,3901,212,27,4164468,Chikungunya,0.6483421171683874
PE,2016,62545,1565,9233,9410336,Dengue,664.641517582369
PE,2016,62545,1565,9233,9410336,Zika,16.630649532599048
PE,2016,62545,1565,9233,9410336,Chikungunya,98.11551893577446
PE,2017,7909,343,343,9473266,Dengue,83.48757440147885
PE,2017,7909,343,343,9473266,Zika,3.6207153900249396
PE,2017,7909,343,343,9473266,Chikungunya,3.6207153900249396
PE,2018,11233,796,498,9486191,Dengue,118.41422969451068
PE,2018,11233,796,498,9486191,Zika,8.391144559497063
PE,2018,11233,796,498,9486191,Chikungunya,5.249736169132585
PE,2019,37981,3880,987,9557071,Dengue,397.41255453684505
PE,2019,37981,3880,987,9557071,Zika,40.59821256952051
PE,2019,37981,3880,987,9557071,Chikungunya,10.327431908792976
PE,2020,20137,2142,1802,9604451,Dengue,209.66320719424775
PE,2020,20137,2142,1802,9604451,Zika,22.302159696582347
PE,2020,20137,2142,1802,9604451,Chikungunya,18.76213434791848
PE,2021,36328,4415,6008,9662577,Dengue,375.9659560798325
PE,2021,36328,4415,6008,9662577,Zika,45.69174455220382
PE,2021,36328,4415,6008,9662577,Chikungunya,62.17802973264792
PE,2022,16093,5177,8330,9662577,Dengue,166.5497723847375
PE,2022,16093,5177,8330,9662577,Zika,53.5778395349398
PE,2022,16093,5177,8330,9662577,Chikungunya,86.20888609736305
PE,2023,7953,1188,520,9662577,Dengue,82.30723543005142
PE,2023,7953,1188,520,9662577,Zika,12.294856744737972
PE,2023,7953,1188,520,9662577,Chikungunya,5.381587127326385
PE,2024,26720,3541,1454,9539029,Dengue,280.1123678311493
PE,2024,26720,3541,1454,9539029,Zika,37.12117868600672
PE,2024,26720,3541,1454,9539029,Chikungunya,15.242641572847718
PE,2025,8557,1801,39,9562007,Dengue,89.4895810053266
PE,2025,8557,1801,39,9562007,Zika,18.834957974826832
PE,2025,8557,1801,39,9562007,Chikungunya,0.40786416491851557
PI,2016,5247,534,697,3212180,Dengue,163.347010441507
PI,2016,5247,534,697,3212180,Zika,16.624224047220267
PI,2016,5247,534,697,3212180,Chikungunya,21.69865947736428
PI,2017,5276,522,2532,3219257,Dengue,163.88874824221864
PI,2017,5276,522,2532,3219257,Zika,16.214921641857114
PI,2017,5276,522,2532,3219257,Chikungunya,78.65168888349082
PI,2018,1935,102,284,3264531,Dengue,59.27344540456194
PI,2018,1935,102,284,3264531,Zika,3.12449169574435
PI,2018,1935,102,284,3264531,Chikungunya,8.699565113641132
PI,2019,8027,177,318,3273227,Dengue,245.23199888061538
PI,2019,8027,177,318,3273227,Zika,5.407507636958878
PI,2019,8027,177,318,3273227,Chikungunya,9.71518321216341
PI,2020,2235,56,127,3281480,Dengue,68.10951156185624
PI,2020,2235,56,127,3281480,Zika,1.7065470458451675
PI,2020,2235,56,127,3281480,Chikungunya,3.870204907541719
PI,2021,3973,102,236,3289290,Dengue,120.78594468715133
PI,2021,3973,102,236,3289290,Zika,3.1009731583411617
PI,2021,3973,102,236,3289290,Chikungunya,7.174800640867786
PI,2022,31600,388,3161,3289290,Dengue,960.6936451331443
PI,2022,31600,388,3161,3289290,Zika,11.795858680748733
PI,2022,31600,388,3161,3289290,Chikungunya,96.09976621094522
PI,2023,7577,102,1809,3289290,Dengue,230.35366294853907
PI,2023,7577,102,1809,3289290,Zika,3.1009731583411617
PI,2023,7577,102,1809,3289290,Chikungunya,54.99667101410943
PI,2024,15135,93,537,3375646,Dengue,448.3586252823904
PI,2024,15135,93,537,3375646,Zika,2.7550282227461054
PI,2024,15135,93,537,3375646,Chikungunya,15.90806618940493
PI,2025,4130,82,12,3384547,Dengue,122.02519273628052
PI,2025,4130,82,12,3384547,Zika,2.4227762238196133
PI,2025,4130,82,12,3384547,Chikungunya,0.3545526181199434
PR,2016,62624,3866,115,11242720,Dengue,557.0182304638024
PR,2016,62624,3866,115,11242720,Zika,34.38669645779669
PR,2016,62624,3866,115,11242720,Chikungunya,1.0228841419158354
PR,2017,2213,488,82,11320892,Dengue,19.547929615440196
PR,2017,2213,488,82,11320892,Zika,4.3106143932827905
PR,2017,2213,488,82,11320892,Chikungunya,0.7243245496909608
PR,2018,1400,195,82,11348937,Dengue,12.335957103295225
PR,2018,1400,195,82,11348937,Zika,1.7182225965304063
PR,2018,1400,195,82,11348937,Chikungunya,0.7225346303358632
PR,2019,44906,345,53,11423818,Dengue,393.0909963726663
PR,2019,44906,345,53,11423818,Zika,3.0200060960354937
PR,2019,44906,345,53,11423818,Chikungunya,0.46394296547791636
PR,2020,263821,204,37,11516840,Dengue,2290.741210262537
PR,2020,263821,204,37,11516840,Zika,1.771319216034954
PR,2020,263821,204,37,11516840,Chikungunya,0.32126868133967307
PR,2021,34657,81,152,11597484,Dengue,298.83205702202304
PR,2021,34657,81,152,11597484,Zika,0.6984273485524963
PR,2021,34657,81,152,11597484,Chikungunya,1.310629098518265
PR,2022,156233,133,54,11597484,Dengue,1347.1283944000268
PR,2022,156233,133,54,11597484,Zika,1.1468004612034817
PR,2022,156233,133,54,11597484,Chikungunya,0.4656182323683309
PR,2023,209501,167,1141,11597484,Dengue,1806.434912951809
PR,2023,209501,167,1141,11597484,Zika,1.4399674963983569
PR,2023,209501,167,1141,11597484,Chikungunya,9.838340798745659
PR,2024,648273,131,462,11824665,Dengue,5482.379416245619
PR,2024,648273,131,462,11824665,Zika,1.1078537954352194
PR,2024,648273,131,462,11824665,Chikungunya,3.9070874312295527
PR,2025,104151,215,64,11890517,Dengue,875.9164971548335
PR,2025,104151,215,64,11890517,Zika,1.8081635979327055
PR,2025,104151,215,64,11890517,Chikungunya,0.5382440477567124
RJ,2016,88314,83629,5010,16635996,Dengue,530.8609114837489
RJ,2016,88314,83629,5010,16635996,Zika,502.69908696780163
RJ,2016,88314,83629,5010,16635996,Chikungunya,30.11541959976427
RJ,2017,11027,2962,1110,16718956,Dengue,65.95507518531659
RJ,2017,11027,2962,1110,16718956,Zika,17.71641722126669
RJ,2017,11027,2962,1110,16718956,Chikungunya,6.639170531939913
RJ,2018,14900,4238,6538,17159960,Dengue,86.83003923086068
RJ,2018,14900,4238,6538,17159960,Zika,24.69702726579782
RJ,2018,14900,4238,6538,17159960,Chikungunya,38.10032191217229
RJ,2019,32231,2865,19017,17264943,Dengue,186.68465919638427
RJ,2019,32231,2865,19017,17264943,Zika,16.594320641545124
RJ,2019,32231,2865,19017,17264943,Chikungunya,110.14806130550214
RJ,2020,4585,314,1114,17366189,Dengue,26.40187780980617
RJ,2020,4585,314,1114,17366189,Zika,1.8081111520783288
RJ,2020,4585,314,1114,17366189,Chikungunya,6.4147637688384025
RJ,2021,2840,194,344,17463349,Dengue,16.26263095354734
RJ,2021,2840,194,344,17463349,Zika,1.110898029925417
RJ,2021,2840,194,344,17463349,Chikungunya,1.9698398056409456
RJ,2022,11082,217,609,17463349,Dengue,63.45861838986325
RJ,2022,11082,217,609,17463349,Zika,1.2426024355351313
RJ,2022,11082,217,609,17463349,Chikungunya,3.4873036094050462
RJ,2023,49849,310,1219,17463349,Dengue,285.4492571842892
RJ,2023,49849,310,1219,17463349,Zika,1.775146336478759
RJ,2023,49849,310,1219,17463349,Chikungunya,6.980333497314862
RJ,2024,302694,717,2065,17219679,Dengue,1757.837646102462
RJ,2024,302694,717,2065,17219679,Zika,4.163840684835066
RJ,2024,302694,717,2065,17219679,Chikungunya,11.992093464692344
RJ,2025,23563,540,109,17223547,Dengue,136.80689581536254
RJ,2025,23563,540,109,17223547,Zika,3.1352427000083085
RJ,2025,23563,540,109,17223547,Chikungunya,0.632854545001677
RN,2016,57007,4485,3681,3474998,Dengue,1640.4901528000878
RN,2016,57007,4485,3681,3474998,Zika,129.06482248335107
RN,2016,57007,4485,3681,3474998,Chikungunya,105.92811851978044
RN,2017,7465,682,435,3507003,Dengue,212.85981221002663
RN,2017,7465,682,435,3507003,Zika,19.44680400900712
RN,2017,7465,682,435,3507003,Chikungunya,12.403753290202488
RN,2018,23712,1202,1073,3377908,Dengue,701.9729370959777
RN,2018,23712,1202,1073,3377908,Zika,35.5841544529928
RN,2018,23712,1202,1073,3377908,Chikungunya,31.76522273549191
RN,2019,31896,1666,3078,3404453,Dengue,936.8905959342073
RN,2019,31896,1666,3078,3404453,Zika,48.93590835297183
RN,2019,31896,1666,3078,3404453,Chikungunya,90.41099994624687
RN,2020,6944,1568,3739,3430493,Dengue,202.41988542171637
RN,2020,6944,1568,3739,3430493,Zika,45.70771606296821
RN,2020,6944,1568,3739,3430493,Chikungunya,108.99308058637635
RN,2021,3815,920,2081,3560903,Dengue,107.13574618572872
RN,2021,3815,920,2081,3560903,Zika,25.836143247934583
RN,2021,3815,920,2081,3560903,Chikungunya,58.440232716252034
RN,2022,42111,8065,5486,3560903,Dengue,1182.5932916454058
RN,2022,42111,8065,5486,3560903,Zika,226.48749488542651
RN,2022,42111,8065,5486,3560903,Chikungunya,154.06204549800992
RN,2023,7678,1408,915,3560903,Dengue,215.61946506265406
RN,2023,7678,1408,915,3560903,Zika,39.540532275099885
RN,2023,7678,1408,915,3560903,Chikungunya,25.69572942593494
RN,2024,17477,3087,1434,3446071,Dengue,507.1572814373238
RN,2024,17477,3087,1434,3446071,Zika,89.58027852589224
RN,2024,17477,3087,1434,3446071,Chikungunya,41.61260751737269
RN,2025,4361,1776,12,3455236,Dengue,126.21424412109623
RN,2025,4361,1776,12,3455236,Zika,51.40025167600708
RN,2025,4361,1776,12,3455236,Chikungunya,0.34729899781085866
RO,2016,7915,1889,102,1276060,Dengue,620.2686394056706
RO,2016,7915,1889,102,1276060,Zika,148.0337915145056
RO,2016,7915,1889,102,1276060,Chikungunya,7.993354544457157
RO,2017,2193,514,106,1286352,Dengue,170.48210754132617
RO,2017,2193,514,106,1286352,Zika,39.95795863029715
RO,2017,2193,514,106,1286352,Chikungunya,8.240357227259723
RO,2018,538,271,76,1238058,Dengue,43.45515315114478
RO,2018,538,271,76,1238058,Zika,21.889119895836867
RO,2018,538,271,76,1238058,Chikungunya,6.138646170050191
RO,2019,987,432,106,1247681,Dengue,79.10675885903528
RO,2019,987,432,106,1247681,Zika,34.6242348805504
RO,2019,987,432,106,1247681,Chikungunya,8.495761336431347
RO,2020,3960,585,106,1257106,Dengue,315.0092354980407
RO,2020,3960,585,106,1257106,Zika,46.535455244028746
RO,2020,3960,585,106,1257106,Chikungunya,8.432065394644525
RO,2021,2240,296,136,1266326,Dengue,176.88967927690027
RO,2021,2240,296,136,1266326,Zika,23.374707618733247
RO,2021,2240,296,136,1266326,Chikungunya,10.739730527526087
RO,2022,14265,315,84,1266326,Dengue,1126.4871762879386
RO,2022,14265,315,84,1266326,Zika,24.875111148314097
RO,2022,14265,315,84,1266326,Chikungunya,6.63336297288376
RO,2023,10721,494,77,1266326,Dengue,846.6224337177
RO,2023,10721,494,77,1266326,Zika,39.01049176910211
RO,2023,10721,494,77,1266326,Chikungunya,6.080582725143446
RO,2024,5249,2397,254,1746227,Dengue,300.5909311905039
RO,2024,5249,2397,254,1746227,Zika,137.2673770363189
RO,2024,5249,2397,254,1746227,Chikungunya,14.545646127336251
RO,2025,2523,2364,8,1751950,Dengue,144.01095921687264
RO,2025,2523,2364,8,1751950,Zika,134.93535774422787
RO,2025,2523,2364,8,1751950,Chikungunya,0.45663403635948513
RR,2016,211,361,45,514229,Dengue,41.03230272893983
RR,2016,211,361,45,514229,Zika,70.20218618553213
RR,2016,211,361,45,514229,Chikungunya,8.75096503697769
RR,2017,288,853,2158,522636,Dengue,55.105274033935665
RR,2017,288,853,2158,522636,Zika,163.21110677412193
RR,2017,288,853,2158,522636,Chikungunya,412.9068797403929
RR,2018,111,147,63,576568,Dengue,19.25184887125196
RR,2018,111,147,63,576568,Zika,25.495691748414757
RR,2018,111,147,63,576568,Chikungunya,10.926725035034897
RR,2019,1590,189,35,605761,Dengue,262.47975686780757
RR,2019,1590,189,35,605761,Zika,31.200423929569585
RR,2019,1590,189,35,605761,Chikungunya,5.777856283253626
RR,2020,498,74,16,631181,Dengue,78.89971339441459
RR,2020,498,74,16,631181,Zika,11.724053797563615
RR,2020,498,74,16,631181,Chikungunya,2.5349305508245656
RR,2021,116,194,78,652713,Dengue,17.771976351014917
RR,2021,116,194,78,652713,Zika,29.72209838014564
RR,2021,116,194,78,652713,Chikungunya,11.95012202913072
RR,2022,60,117,79,652713,Dengue,9.192401560869786
RR,2022,60,117,79,652713,Zika,17.92518304369608
RR,2022,60,117,79,652713,Chikungunya,12.103328721811884
RR,2023,233,301,38,652713,Dengue,35.697159394711
RR,2023,233,301,38,652713,Zika,46.11521449703009
RR,2023,233,301,38,652713,Chikungunya,5.821854321884197
RR,2024,706,522,30,716793,Dengue,98.4942654294894
RR,2024,706,522,30,716793,Zika,72.82437188979246
RR,2024,706,522,30,716793,Chikungunya,4.185308729298417
RR,2025,234,107,3,738772,Dengue,31.674183645292462
RR,2025,234,107,3,738772,Zika,14.483494230967063
RR,2025,234,107,3,738772,Chikungunya,0.40607927750374945
RS,2016,3180,839,88,11286500,Dengue,28.17525362158331
RS,2016,3180,839,88,11286500,Zika,7.4336596819208784
RS,2016,3180,839,88,11286500,Chikungunya,0.7796925530501041
RS,2017,190,149,31,11322895,Dengue,1.6780160904079742
RS,2017,190,149,31,11322895,Zika,1.3159178814252008
RS,2017,190,149,31,11322895,Chikungunya,0.27378157264551156
RS,2018,130,133,25,11329605,Dengue,1.1474362963227756
RS,2018,130,133,25,11329605,Zika,1.173915595468686
RS,2018,130,133,25,11329605,Chikungunya,0.2206608262159184
RS,2019,1670,164,25,11377239,Dengue,14.67842945023832
RS,2019,1670,164,25,11377239,Zika,1.4414745088856795
RS,2019,1670,164,25,11377239,Chikungunya,0.21973696781793894
RS,2020,4007,334,16,11422973,Dengue,35.07843360918388
RS,2020,4007,334,16,11422973,Zika,2.9239323247984563
RS,2020,4007,334,16,11422973,Chikungunya,0.14006861436160273
RS,2021,10872,261,278,11466630,Dengue,94.81425667349518
RS,2021,10872,261,278,11466630,Zika,2.2761700691484767
RS,2021,10872,261,278,11466630,Chikungunya,2.424426357177305
RS,2022,67290,504,98,11466630,Dengue,586.8332718505785
RS,2022,67290,504,98,11466630,Zika,4.395362892148783
RS,2022,67290,504,98,11466630,Chikungunya,0.8546538956955968
RS,2023,38693,255,98,11466630,Dengue,337.44003251173183
RS,2023,38693,255,98,11466630,Zika,2.22384432043242
RS,2023,38693,255,98,11466630,Chikungunya,0.8546538956955968
RS,2024,223209,127,86,11229915,Dengue,1987.6285795573697
RS,2024,223209,127,86,11229915,Zika,1.130907936524898
RS,2024,223209,127,86,11229915,Chikungunya,0.7658116735522931
RS,2025,58921,28,3,11233263,Dengue,524.522571936578
RS,2025,58921,28,3,11233263,Zika,0.24925972088430584
RS,2025,58921,28,3,11233263,Chikungunya,0.026706398666175624
SC,2016,5088,304,21,6910553,Dengue,73.62652453428835
SC,2016,5088,304,21,6910553,Zika,4.399069075948046
SC,2016,5088,304,21,6910553,Chikungunya,0.3038830611674637
SC,2017,186,102,79,7001161,Dengue,2.656702224102545
SC,2017,186,102,79,7001161,Zika,1.4569012196691378
SC,2017,186,102,79,7001161,Chikungunya,1.128384277979038
SC,2018,185,88,74,7075494,Dengue,2.6146584252633103
SC,2018,185,88,74,7075494,Zika,1.2437294130982233
SC,2018,185,88,74,7075494,Chikungunya,1.0458633701053242
SC,2019,2101,198,102,7164788,Dengue,29.323966040586267
SC,2019,2101,198,102,7164788,Zika,2.763515124243732
SC,2019,2101,198,102,7164788,Chikungunya,1.4236290033982864
SC,2020,11834,222,34,7252502,Dengue,163.17127523715263
SC,2020,11834,222,34,7252502,Zika,3.061012599513933
SC,2020,11834,222,34,7252502,Chikungunya,0.46880373145708887
SC,2021,19496,164,111,7338473,Dengue,265.66834816998033
SC,2021,19496,164,111,7338473,Zika,2.234797348167664
SC,2021,19496,164,111,7338473,Chikungunya,1.512576253942748
SC,2022,85165,550,92,7338473,Dengue,1160.527537540848
SC,2022,85165,550,92,7338473,Zika,7.494747204220823
SC,2022,85165,550,92,7338473,Chikungunya,1.253666805069665
SC,2023,141407,233,138,7338473,Dengue,1926.926759831371
SC,2023,141407,233,138,7338473,Zika,3.175047451969913
SC,2023,141407,233,138,7338473,Chikungunya,1.8805002076044974
SC,2024,336833,200,128,8058441,Dengue,4179.877968952059
SC,2024,336833,200,128,8058441,Zika,2.481869632103778
SC,2024,336833,200,128,8058441,Chikungunya,1.5883965645464178
SC,2025,22582,194,4,8187029,Dengue,275.8265544191916
SC,2025,22582,194,4,8187029,Zika,2.369601964277884
SC,2025,22582,194,4,8187029,Chikungunya,0.04885777245933782
SE,2016,3518,862,1013,2265779,Dengue,155.2666875277774
SE,2016,3518,862,1013,2265779,Zika,38.04431058810237
SE,2016,3518,862,1013,2265779,Chikungunya,44.70868518068178
SE,2017,599,60,117,2288116,Dengue,26.178742686122554
SE,2017,599,60,117,2288116,Zika,2.6222446764062664
SE,2017,599,60,117,2288116,Chikungunya,5.1133771189922195
SE,2018,237,29,29,2278308,Dengue,10.402456559868112
SE,2018,237,29,29,2278308,Zika,1.272874431376267
SE,2018,237,29,29,2278308,Chikungunya,1.272874431376267
SE,2019,5986,432,414,2298696,Dengue,260.40850986820357
SE,2019,5986,432,414,2298696,Zika,18.793263659048435
SE,2019,5986,432,414,2298696,Chikungunya,18.010211006588083
SE,2020,1856,528,3015,2318822,Dengue,80.04064132563862
SE,2020,1856,528,3015,2318822,Zika,22.77018244608685
SE,2020,1856,528,3015,2318822,Chikungunya,130.02291680862092
SE,2021,764,1142,3007,2338474,Dengue,32.670878530186776
SE,2021,764,1142,3007,2338474,Zika,48.83526607522684
SE,2021,764,1142,3007,2338474,Chikungunya,128.58813055009378
SE,2022,5203,1402,3842,2338474,Dengue,222.4955248593741
SE,2022,5203,1402,3842,2338474,Zika,59.95362787869354
SE,2022,5203,1402,3842,2338474,Chikungunya,164.29517711122722
SE,2023,2880,770,1567,2338474,Dengue,123.15723843840043
SE,2023,2880,770,1567,2338474,Zika,32.92745611026678
SE,2023,2880,770,1567,2338474,Chikungunya,67.00951133089357
SE,2024,1916,910,543,2291077,Dengue,83.62879117550392
SE,2024,1916,910,543,2291077,Zika,39.71931104890844
SE,2024,1916,910,543,2291077,Chikungunya,23.700643845667344
SE,2025,619,184,10,2299425,Dengue,26.919773421616274
SE,2025,619,184,10,2299425,Zika,8.002000500125032
SE,2025,619,184,10,2299425,Chikungunya,0.4348913315285344
SP,2016,202576,10377,1022,44749699,Dengue,452.68684377072566
SP,2016,202576,10377,1022,44749699,Zika,23.18898279069989
SP,2016,202576,10377,1022,44749699,Chikungunya,2.283814244203073
SP,2017,9399,1652,656,45094866,Dengue,20.842727418238695
SP,2017,9399,1652,656,45094866,Zika,3.663388200333049
SP,2017,9399,1652,656,45094866,Chikungunya,1.4547110529167555
SP,2018,18261,1437,390,45538936,Dengue,40.099751122863296
SP,2018,18261,1437,390,45538936,Zika,3.155541446993843
SP,2018,18261,1437,390,45538936,Chikungunya,0.8564099960526088
SP,2019,443019,3452,315,45919049,Dengue,964.7826112426676
SP,2019,443019,3452,315,45919049,Zika,7.517577291289286
SP,2019,443019,3452,315,45919049,Chikungunya,0.6859898165573943
SP,2020,206510,1159,259,46289333,Dengue,446.12870096875236
SP,2020,206510,1159,259,46289333,Zika,2.5038165920429227
SP,2020,206510,1159,259,46289333,Chikungunya,0.5595241564617057
SP,2021,156851,962,12856,46649132,Dengue,336.2356238482637
SP,2021,156851,962,12856,46649132,Zika,2.062203429637233
SP,2021,156851,962,12856,46649132,Chikungunya,27.55892649835371
SP,2022,350379,1104,1047,46649132,Dengue,751.0943611984035
SP,2022,350379,1104,1047,46649132,Zika,2.366603520082646
SP,2022,350379,1104,1047,46649132,Chikungunya,2.2444147513827266
SP,2023,336763,1045,2323,46649132,Dengue,721.9062511173842
SP,2023,336763,1045,2323,46649132,Zika,2.2401274261651856
SP,2023,336763,1045,2323,46649132,Chikungunya,4.979728240173901
SP,2024,2178793,1994,8193,45973194,Dengue,4739.268278814824
SP,2024,2178793,1994,8193,45973194,Zika,4.337310129028668
SP,2024,2178793,1994,8193,45973194,Chikungunya,17.821254707689008
SP,2025,721497,2004,590,46081801,Dengue,1565.6875042709378
SP,2025,721497,2004,590,46081801,Zika,4.348788364413101
SP,2025,721497,2004,590,46081801,Chikungunya,1.2803319036944758
TO,2016,7896,6276,452,1532902,Dengue,515.1014220087129
TO,2016,7896,6276,452,1532902,Zika,409.4195193169557
TO,2016,7896,6276,452,1532902,Chikungunya,29.486555565848303
TO,2017,4913,3259,1949,1550194,Dengue,316.92807480870135
TO,2017,4913,3259,1949,1550194,Zika,210.23175163882715
TO,2017,4913,3259,1949,1550194,Chikungunya,125.72619943052288
TO,2018,2815,1324,66,1555229,Dengue,181.00228326503685
TO,2018,2815,1324,66,1555229,Zika,85.13215738646849
TO,2018,2815,1324,66,1555229,Chikungunya,4.243748026817916
TO,2019,13739,2454,8,1572866,Dengue,873.5009848264251
TO,2019,13739,2454,8,1572866,Zika,156.02091977320381
TO,2019,13739,2454,8,1572866,Chikungunya,0.5086256553323678
TO,2020,1916,321,23,1590248,Dengue,120.48435212620925
TO,2020,1916,321,23,1590248,Zika,20.185530810288707
TO,2020,1916,321,23,1590248,Chikungunya,1.4463152917029294
TO,2021,8860,788,165,1607363,Dengue,551.2133849043433
TO,2021,8860,788,165,1607363,Zika,49.02439585830954
TO,2021,8860,788,165,1607363,Chikungunya,10.265260554087657
TO,2022,20707,2225,2934,1607363,Dengue,1288.2590926878372
TO,2022,20707,2225,2934,1607363,Zika,138.42548322936386
TO,2022,20707,2225,2934,1607363,Chikungunya,182.53499676177688
TO,2023,3245,3080,2608,1607363,Dengue,201.88345756372394
TO,2023,3245,3080,2608,1607363,Zika,191.61819700963628
TO,2023,3245,3080,2608,1607363,Chikungunya,162.2533304549128
TO,2024,4304,1972,496,1577342,Dengue,272.8640966892405
TO,2024,4304,1972,496,1577342,Zika,125.0204457879141
TO,2024,4304,1972,496,1577342,Chikungunya,31.445304822923628
TO,2025,2802,736,10,1586859,Dengue,176.575234472628
TO,2025,2802,736,10,1586859,Zika,46.38093239537981
TO,2025,2802,736,10,1586859,Chikungunya,0.6301757118937473
